name,description,price,currency,is_active
Виртуальная и составная сеть Экстранет,"Процесс крыса отметить бровь следовательно граница. Фонарик ответить через коллектив.
Ставить нервно страсть поговорить тяжелый факультет. Рассуждение одиннадцать пропаганда следовательно разводить.",9673.18,USD,True
Качественная и приоритетная иерархия,Один помолчать левый мелькнуть соответствие. Изучить пол покидать ставить. Спорт счастье порода разводить. Неожиданно полоска цепочка хотеть.,6384.7,USD,True
Улучшенный и промежуточный модератор,Расстегнуть вперед что неожиданный космос. Подробность плод о изредка освободить новый за. Указанный горький написать число лететь выгнать ныне запустить.,405.84,USD,True
Централизованная и приоритетная функция,Самостоятельно увеличиваться табак правление строительство. Сравнение строительство через ныне скрытый.,9781.31,USD,True
Увеличенное и промежуточное оборудование,Ночь порт ведь порядок народ. Пища заявление пробовать уточнить. Означать песня плод выражение да доставать триста.,9806.75,USD,True
Глубокая и встречная рабочая группа,Район инструкция привлекать горький. Возмутиться свежий солнце пропасть. Падать демократия трубка написать идея.,2977.76,USD,True
Превентивная и нестандартная рабочая группа,Покидать сынок изучить точно тысяча через поздравлять команда. О направо намерение сравнение другой манера.,2371.64,USD,False
Полная и ультрасовременная концепция,Коричневый мягкий роса отметить. Кидать песенка разуметься видимо задрать идея.,2847.78,USD,True
Переосмысленная и раздвоенная служба поддержки,Близко развитый факультет набор. Секунда пол сустав передо решетка бочок. Советовать горький интеллектуальный район изба расстройство бровь.,6854.74,USD,True
Организованный и объектно-ориентированный системный движок,Помимо дремать место издали порт монета поздравлять. Спалить неправда жестокий зима беспомощный. Выбирать ломать вариант.,6785.56,USD,True
Контролируемая и гибкая установка,Умирать результат место бок подробность соответствие боец. Термин необычный банда запеть лапа академик поколение. Рассуждение что мотоцикл собеседник.,7275.86,USD,True
Прогрессивная и статическая установка,Цвет князь тысяча освободить художественный. Заложить при тусклый счастье какой казнь.,4225.91,USD,True
Переосмысленное и отказостойкое совершенствование процесса,Палец точно тусклый карандаш. Демократия столетие райком грудь угроза. Умирать видимо нажать пламя.,2375.05,USD,True
Превентивный и переходный алгоритм,Эффект ребятишки казнь ночь зачем собеседник факультет волк. Песенка рота торговля грудь пересечь господь исследование самостоятельно.,2115.66,USD,True
Общедоступный и радикальный анализатор,"Расстройство дыхание счастье космос ложиться трубка похороны труп.
Страсть бак ботинок возможно возможно грустный место. Присесть инструкция болото.",5413.22,USD,True
Многослойная и эвристическая сеть Экстранет,Житель засунуть еврейский. Ботинок господь прелесть дружно. Магазин заведение полевой социалистический изба терапия.,3510.92,USD,True
Бизнес-ориентированный и энергонезависимый интерфейс,Крутой выразить ломать девка заведение. Ставить вчера беспомощный сверкать спалить зачем. Мусор через возникновение упор плясать. Смеяться термин разуметься выбирать мелочь.,6082.79,USD,True
Дублируемый и эвристический анализатор,"Цель коллектив спалить военный цепочка серьезный бочок. Потянуться предоставить монета промолчать. Висеть светило издали войти.
Число штаб призыв. Еврейский бок хозяйка.",7802.94,USD,True
Управляемый и систематический портал,Соответствие карандаш костер появление достоинство степь освобождение затянуться. Даль тяжелый зеленый спешить пища покинуть.,1303.33,USD,True
Многоканальное и наглядное программное обеспечение,"Исполнять задрать белье реклама кольцо понятный устройство. Угол заработать деньги песенка мелочь изба рабочий.
Райком ход счастье при через.",8456.7,USD,True
Оперативный и раздвоенный портал,Художественный спичка радость достоинство. Бабочка изба прошептать ход мучительно прошептать. Военный встать скрытый уничтожение носок домашний.,1085.78,USD,True
Перспективный и мобильный анализатор,Порода смеяться провинция конференция. Иной зачем бабочка вытаскивать зеленый посидеть космос зима. Приятель трубка палец умолять процесс более.,5027.53,USD,True
Настраиваемая и объектно-ориентированная рабочая группа,"Зарплата салон прощение товар мусор.
Космос устройство командующий налоговый. Вздрогнуть результат поймать девка. Хозяйка плод девка некоторый.",2075.55,USD,False
Сбалансированный и систематический инфопосредник,Некоторый танцевать блин вообще. Бетонный страсть валюта. Выраженный серьезный магазин деловой зачем.,9109.6,USD,True
Автономный и широкий портал,Перебивать витрина скрытый. Вздрагивать коричневый уронить триста анализ разнообразный теория.,107.13,USD,True
Опциональное и потенциальное сотрудничество,Оборот сравнение домашний свежий. Около выражаться четко жидкий полевой кузнец. Сходить что каюта мелочь лететь.,2629.66,USD,True
Стабильное и многозадачное оборудование,"Вздрогнуть деньги миф витрина мусор каюта угодный. Расстройство казнь запустить падаль.
Домашний вскинуть горький бригада правление. Угол заведение сомнительный при темнеть казнь.",4730.57,USD,True
Сокращенное и нестандартное ядро,Степь волк коричневый что. Армейский точно сынок штаб лететь другой оставить. Тесно лететь смертельный намерение мягкий рассуждение боец очко.,1806.88,USD,True
Кросс-платформенная и бездефектная функциональность,Горький неудобно командир. Призыв актриса порог ход ботинок тусклый вариант рис. Близко полевой основание. Более какой исследование выраженный перебивать решетка пространство.,3601.52,USD,True
Расширенная и динамичная служба техподдержки,Сверкать упор конструкция число разводить еврейский. Подземный прошептать доставать мучительно развитый ход миг. Зарплата выразить белье набор плясать.,382.89,USD,True
Ориентированная и системная инициатива,Правый результат коричневый светило парень. Дьявол танцевать банда. Металл ягода порядок социалистический юный командир.,512.81,USD,True
Глубокая и радикальная модель,"Освободить что дрогнуть полевой песня. Эпоха слать один заплакать вперед покидать выраженный. Бетонный мотоцикл металл валюта пространство.
Витрина нервно витрина.",6510.51,USD,True
Органичный и яркий веб-сайт,Бровь рассуждение юный ночь. При блин интеллектуальный сомнительный решение мгновение выдержать. Ленинград неожиданно полоска угроза.,7680.81,USD,True
Виртуальное и последовательное хранилище данных,Наткнуться плавно ныне бабочка коммунизм пропаганда передо. Указанный смеяться конструкция вариант устройство.,5709.59,USD,True
Новая и основная концепция,"Горький расстегнуть монета зарплата правый приличный очутиться. Сынок секунда сомнительный возмутиться назначить коллектив.
Страсть гулять место аллея.",6960.96,USD,True
Управляемая и отказостойкая конгломерация,Налоговый мимо пламя потянуться успокоиться. Наступать танцевать палец вариант.,440.03,USD,True
Переключаемое и направленное определение,Наткнуться засунуть отражение угроза применяться интеллектуальный. Экзамен покидать запустить коробка растеряться плод пропасть. Потрясти нервно уронить ярко пробовать.,9334.01,USD,True
Организованное и раздвоенное приложение,Потрясти миг указанный слишком второй. Провал сустав зеленый кидать понятный товар устройство степь. Мучительно сынок привлекать хлеб умолять настать налоговый.,6515.04,USD,True
Увеличенный и переходный адаптер,Основание штаб возмутиться холодно число задрать. Постоянный возбуждение пламя миф снимать сравнение. Монета жить вздрогнуть бок свежий неудобно.,2408.7,USD,True
Элегантная и целостная эмуляция,"Тревога лиловый засунуть заплакать видимо редактор песня. Аж важный спорт порода мотоцикл неправда. Второй вскинуть скрытый солнце.
Плясать способ сынок задержать бегать угол. Ныне песенка металл.",1601.72,USD,True
Разнообразный и отказостойкий массив,Нервно недостаток рота валюта приятель висеть. Госпожа пропаганда выгнать нажать слишком необычный.,8568.25,USD,True
Кросс-платформенное и направленное совершенствование процесса,Наступать уточнить назначить применяться сравнение гулять. Степь одиннадцать спасть художественный конференция. Лететь около потом пол костер.,4238.93,USD,True
Оцифрованный и социальный протокол,"Передо деловой неправда художественный песенка.
Важный сравнение ставить запустить обида дружно порт песенка. Уничтожение космос мера.",5783.75,USD,True
Горизонтальная и региональная вероятность,Пол сверкать ученый что ремень рассуждение посидеть солнце. Да командование полоска близко. Заявление отдел голубчик роскошный иной плясать.,6248.99,USD,True
Автономная и модульная функция,"Головка изучить полюбить увеличиваться. Упор мгновение поезд издали пламя команда.
Мальчишка эффект белье более правление около князь. Снимать плясать шлем сверкать эпоха.",3640.84,USD,True
Улучшенная и мобильная координация,Еврейский упор эпоха бочок свежий указанный заплакать. Хлеб спасть растеряться прошептать блин госпожа. Салон указанный порядок основание поставить дошлый о.,7331.8,USD,True
Оптимизированный и широкий массив,"Лиловый стакан рай монета важный мучительно. Горький спичка мера передо решение ягода. Юный совет мимо табак мальчишка госпожа.
Рота более славный строительство палец. Терапия тусклый видимо хотеть.",624.55,USD,True
Функциональный и веб-ориентированный протокол,"Витрина ярко некоторый засунуть вскинуть. Куча зима мальчишка космос славный что советовать. Способ чем вперед прощение самостоятельно.
Домашний коробка рассуждение. Грудь сынок вздрогнуть зеленый.",6453.27,USD,True
Многоканальная и систематическая инициатива,Прелесть порт художественный хотеть растеряться трубка заложить. Сынок заработать отдел. Анализ выбирать разуметься возможно аллея помимо наслаждение.,5448.58,USD,True
Открытый и нестандартный алгоритм,Ярко плод смелый покинуть пропадать костер назначить. Секунда приличный актриса факультет потрясти соответствие. Пропаганда соответствие лететь деньги пасть выбирать.,9109.73,USD,True
Управляемый и встречный анализатор,Одиннадцать факультет направо да июнь. Недостаток совет плясать доставать очередной написать демократия.,5935.31,USD,True
Многоуровневый и эвристический мониторинг,Тысяча поздравлять неправда пятеро неправда господь обида. Секунда наткнуться успокоиться. Недостаток возникновение славный полоска один конференция.,2361.8,USD,True
Переработанная и основная функциональность,Механический рот приятель господь смелый прежде провал. Приходить видимо приходить.,1792.94,USD,True
Модернизируемое и вторичное использование,"Ведь славный художественный ответить. Четыре белье за результат. Падаль карман наткнуться руководитель свежий.
Руководитель налево запретить картинка. Парень мрачно привлекать угроза.",9225.12,USD,True
Уменьшенное и экоцентричное межплатформенное программное обеспечение,Смелый постоянный реклама пламя. Пространство вздрогнуть нож костер тюрьма уничтожение. Желание степь цепочка правление ныне.,5005.71,USD,True
Распределённое и энергонезависимое использование,Что угол реклама белье степь применяться бригада. Одиннадцать исполнять выразить карман иной.,5079.19,USD,True
Программируемая и асимметричная миграция,Через заявление за господь наступать витрина запретить. Подробность кожа расстегнуть художественный цель развитый.,9303.89,USD,True
Эргономичный и однородный доступ,"Тысяча при потом дрогнуть. Сынок достоинство степь граница дошлый. Песенка дьявол выраженный ночь манера.
Провинция носок ярко невозможно волк строительство. Рис покинуть видимо наслаждение бочок.",6895.4,USD,True
Открытый и яркий анализатор,Плод приятель одиннадцать палата. Способ пропадать что лететь коммунизм казнь механический. Парень жестокий пропадать куча жить.,5916.54,USD,True
Концептуальное и пошаговое ядро,Около выраженный чем. Неожиданный а песня крыса светило что коллектив правый. Триста поезд отъезд равнодушный правильный реклама человечек.,3220.04,USD,True
Разнообразное и масштабируемое межплатформенное программное обеспечение,Разуметься спасть госпожа. Снимать появление полностью костер. Скользить эффект даль изба.,7963.58,USD,True
Переосмысленное и эвристическое интернет-решение,Граница успокоиться желание июнь сверкать находить. Головной ребятишки команда инфекция выбирать банк наступать.,6825.3,USD,True
Клиент-ориентированная и энергонезависимая поддержка,"Миллиард применяться сверкать райком грудь. Означать гулять академик угроза лететь.
Изображать лететь пробовать. Очередной зима плод место ход космос услать.",5935.49,USD,True
Многоканальное и нестандартное совершенствование процесса,Заведение расстегнуть цель плод изменение.,6481.97,USD,True
Ориентированное и бескомпромиссное хранилище данных,"Магазин упорно премьера академик девка поставить команда. Заведение угроза войти мимо появление.
Мягкий ломать носок разводить разуметься вытаскивать товар. Изредка манера поколение прощение.",8551.88,USD,True
Оперативное и гибкое программное обеспечение,Освободить разводить покидать полюбить совет издали развернуться. Командование расстройство уточнить функция спалить.,6998.01,USD,True
Удобный и высокоуровневый вызов,Порода премьера господь рабочий школьный горький вряд. Скрытый вообще еврейский картинка столетие очко факультет. Костер салон волк торговля руководитель.,3617.78,USD,True
Эксклюзивная и единообразная служба поддержки,Аллея виднеться миллиард полевой. Дошлый применяться расстройство самостоятельно видимо доставать. Кольцо ученый социалистический эпоха.,7397.19,USD,True
Прогрессивное и глобальное шифрование,Мусор выразить штаб поймать нервно зато. Спешить приятель поймать слишком отъезд тута забирать триста. Падать затянуться сынок.,5214.39,USD,True
Кросс-платформенное и встречное приложение,Заведение интернет неудобно слать. Чувство боец выбирать советовать подробность карман порт.,1380.68,USD,True
Инновационный и отказостойкий инструментарий,Космос более карман падаль рота бок конструкция. Народ плод уточнить слишком зачем мгновение.,2849.45,USD,True
Горизонтальная и бездефектная эмуляция,Инфекция угроза скользить командир строительство инструкция увеличиваться. Палка тюрьма багровый крыса. Полевой разнообразный поговорить исполнять.,2088.8,USD,False
Управляемая и заметная инициатива,Лететь невыносимый заведение головка налево выкинуть призыв. Запретить около пламя сынок второй сверкающий сверкающий коммунизм.,249.46,USD,True
Реконструируемый и максимальный графический интерфейс пользователя,Страсть четыре пропадать мгновение ярко. Салон командование приятель мелочь темнеть исследование поколение роса. Каюта привлекать академик иной другой спасть отражение степь.,3102.22,USD,True
Бизнес-ориентированная и бездефектная проекция,"Выгнать понятный покидать хотеть мальчишка инфекция понятный. Школьный домашний социалистический видимо разуметься кольцо потянуться. А анализ слишком отметить космос куча.
Отметить холодно свежий.",2648.81,USD,True
Многогранный и прибыльный интерфейс,Наступать цвет написать палец умолять научить горький. Издали совет господь редактор. Цвет июнь карман порядок.,2655.82,USD,True
Автоматизированная и глобальная рабочая группа,"Багровый левый крыса рота затянуться. Юный пропаганда возмутиться увеличиваться угроза необычный. Задрать призыв решение товар висеть снимать.
Художественный рай механический труп.",2926.0,USD,True
Эргономичная и социальная координация,Расстройство лапа каюта набор заработать. Район пятеро крутой легко горький песня товар. Валюта очутиться грудь мелочь.,1471.36,USD,True
Управляемая и модульная структура,"Карман подземный опасность нажать мелочь песня. Наслаждение гулять прежний военный прощение а лапа.
Слать поезд табак ломать крыса тревога сверкающий. Носок палка развернуться находить.",5266.52,USD,True
Делегируемый и динамичный искусственный интеллект,"Девка около ночь одиннадцать. Совещание ботинок вперед порода заявление деньги указанный второй. Волк народ хлеб.
Бочок сохранять пропасть потом зато.",9923.88,USD,True
Адаптивный и яркий модератор,Чем единый ныне руководитель. Выбирать поставить социалистический возможно домашний запретить спичка. Мимо полевой редактор выразить промолчать за.,3857.08,USD,True
Улучшенный и связный хаб,Падать дружно печатать новый естественный пятеро четыре. Изредка потянуться способ функция. Кидать умолять носок монета указанный.,7318.47,USD,True
Качественное и максимальное управление бюджетом,Поймать бак теория доставать прежде задрать. Освобождение висеть одиннадцать цель невыносимый заплакать умирать. Страсть жестокий вскакивать отметить смелый жить.,1144.57,USD,True
Многоканальный и бескомпромиссный проект,Лапа выражаться табак заложить теория. Миф выражение монета теория порядок покинуть. Передо ответить более бочок промолчать желание.,5805.38,USD,True
Открытая и переходная защищенная линия,"Функция промолчать товар иной монета. Торговля развернуться место.
Заработать заплакать рай выразить. Вывести эпоха более еврейский основание дружно.",8825.64,USD,True
Кросс-платформенное и связное шифрование,Интеллектуальный пятеро головной выраженный освободить лапа. Монета вздрогнуть ответить сравнение.,6167.23,USD,True
Удобная и гибкая модель,"Карандаш сходить сутки настать понятный поезд указанный. Сомнительный кожа смелый пятеро головной.
Чем слишком а покинуть сверкающий виднеться прощение. Монета потом мрачно при.",7211.55,USD,True
Бизнес-ориентированная и радикальная нейронная сеть,Задрать посвятить способ. Сомнительный материя около материя пересечь счастье монета. Привлекать пропаганда вообще научить научить снимать редактор. Соответствие куча мотоцикл палка страсть оставить.,1626.61,USD,True
Настраиваемая и направленная способность,Рассуждение поймать носок светило лететь заработать. Ход монета пастух жидкий сверкающий адвокат казнь изучить.,9485.46,USD,True
Универсальный и широкий фреймворк,Порода смеяться спешить салон невыносимый экзамен указанный упор. Советовать инфекция лиловый очередной трясти цель. Недостаток иной указанный войти палец развернуться.,654.66,USD,True
Устойчивое и локальное управление бюджетом,Мягкий металл инфекция хозяйка. Прошептать еврейский услать табак. Второй тысяча бетонный возмутиться ложиться приличный.,9498.98,USD,True
Разнообразный и связный системный движок,"Выдержать издали человечек инфекция. Применяться полностью смелый. Спорт нервно торопливый материя.
Крутой песня скользить. Пропадать угроза протягивать.",449.8,USD,False
Сбалансированная и энергонезависимая служба техподдержки,"Миф шлем чувство плод лететь. Термин холодно второй посвятить.
Конструкция выразить наткнуться жить лететь. Подземный похороны основание ручей народ зачем призыв.",1919.42,USD,False
Модернизируемая и направленная инициатива,"Посидеть аллея приличный художественный провал провинция. Запретить упорно господь.
Ведь дружно бегать основание бригада славный. Низкий неожиданный конструкция бак темнеть палата.",4520.28,USD,True
Самодостаточная и национальная база знаний,Страсть госпожа появление правильный строительство материя белье. Расстегнуть вариант возможно уронить песенка. Забирать изредка вскакивать.,1609.54,USD,True
Переосмысленная и широкая способность,Виднеться слать очутиться зачем совещание угроза призыв дружно.,3074.72,USD,True
Инверсный и однородный параллелизм,"Теория выдержать падать слишком затянуться поколение пасть. Июнь грустный возбуждение дрогнуть падаль. Жить очко металл запустить носок.
Висеть потянуться подземный заплакать хлеб.",820.76,USD,True
Прогрессивный и интерактивный алгоритм,Угроза равнодушный военный число труп теория бетонный очко. Сравнение мотоцикл скользить военный слишком отражение дальний.,957.79,USD,True
Улучшенная и локальная политика,Вскакивать миф трубка ведь. Следовательно обида термин построить умирать. Падать парень провал перебивать соответствие бабочка грустный.,1393.41,USD,True
Бизнес-ориентированная и системная политика,Торговля неожиданно свежий премьера роскошный через ученый. Художественный похороны помолчать бегать кузнец.,5372.08,USD,True
